Parameter,Gyanesh Kumar,Rajiv Kumar,Sushil Chandra,Sunil Arora,O.P. Rawat,S.Y. Quraishi,N.G. Gopalaswami,J.M. Lyngdoh,T.N. Seshan
1. Voter-roll revision alleged to advantage ruling party,1.00,1.00,0.40,0.00,0.00,0.00,0.00,0.00,0.00
2. Documented mass deletion/exclusion just before election,1.00,0.40,0.00,0.00,0.00,0.00,0.00,0.00,0.00
3. Internal EC dissent over electoral administration,1.00,0.00,0.00,1.00,0.00,0.00,0.75,0.00,1.00
4. CEC accused of acting without full Commission's approval,1.00,0.00,0.00,0.40,0.00,0.00,0.25,0.00,0.00
5. Action/inaction involving the PM personally,0.50,0.75,0.00,1.00,0.00,0.00,0.00,0.00,0.00
6. EC majority cleared PM despite commissioner dissent (documented),0.75,0.00,0.00,1.00,0.00,0.00,0.00,0.00,0.00
7. Commissioner's dissent subsequently kept from public record,0.50,0.00,0.00,1.00,0.00,0.00,0.00,0.00,0.00
8. Cash/benefit transfer to voters during election period,0.75,0.50,0.00,0.00,0.00,0.00,0.00,0.00,0.00
9. EC seen as permitting ruling-party advantage during active campaign,0.75,0.75,0.00,1.00,0.00,0.00,0.00,0.00,0.00
10. CCTV/webcasting transparency controversy,1.00,0.30,0.00,0.00,0.00,0.00,0.00,0.00,0.00
11. 'Vote theft'/manipulation allegation supported by video,0.60,0.50,0.00,0.00,0.00,0.00,0.00,0.00,0.00
12. EC refuses/restricts access to evidence opposition requested,1.00,0.40,0.00,0.75,0.00,0.00,0.00,0.00,0.00
13. Formal parliamentary/judicial removal attempt against CEC,1.00,0.00,0.00,0.00,0.00,0.00,0.00,0.00,0.00
14. CEC/EC accused of political partisanship by opponents,1.00,1.00,0.75,1.00,0.40,0.60,0.60,0.60,0.50
"15. CEC becomes a central, sustained political controversy",1.00,0.70,0.50,0.70,0.25,0.50,0.70,0.70,1.00
TOTAL (/15),12.85,6.30,1.65,7.85,0.65,1.10,2.30,1.30,2.50
